data,unidade,quantidade,mediaMovel
01/01/2020,Total unificado,74,74.0
02/01/2020,Total unificado,148,111.0
03/01/2020,Total unificado,142,121.34
04/01/2020,Total unificado,135,124.75
05/01/2020,Total unificado,151,130.0
06/01/2020,Total unificado,128,129.67
07/01/2020,Total unificado,157,133.58
08/01/2020,Total unificado,160,145.86
09/01/2020,Total unificado,179,150.29
10/01/2020,Total unificado,186,156.58
11/01/2020,Total unificado,114,153.58
12/01/2020,Total unificado,130,150.58
13/01/2020,Total unificado,206,161.72
14/01/2020,Total unificado,177,164.58
15/01/2020,Total unificado,144,162.29
16/01/2020,Total unificado,188,163.58
17/01/2020,Total unificado,171,161.43
18/01/2020,Total unificado,181,171.0
19/01/2020,Total unificado,140,172.43
20/01/2020,Total unificado,183,169.15
21/01/2020,Total unificado,220,175.29
22/01/2020,Total unificado,228,187.29
23/01/2020,Total unificado,223,192.29
24/01/2020,Total unificado,218,199.0
25/01/2020,Total unificado,172,197.72
26/01/2020,Total unificado,128,196.0
27/01/2020,Total unificado,208,199.58
28/01/2020,Total unificado,202,197.0
29/01/2020,Total unificado,239,198.58
30/01/2020,Total unificado,239,200.86
31/01/2020,Total unificado,178,195.15
01/02/2020,Total unificado,200,199.15
02/02/2020,Total unificado,155,203.0
03/02/2020,Total unificado,239,207.43
04/02/2020,Total unificado,253,214.72
05/02/2020,Total unificado,195,208.43
06/02/2020,Total unificado,306,218.0
07/02/2020,Total unificado,297,235.0
08/02/2020,Total unificado,271,245.15
09/02/2020,Total unificado,195,250.86
10/02/2020,Total unificado,268,255.0
11/02/2020,Total unificado,336,266.86
12/02/2020,Total unificado,336,287.0
13/02/2020,Total unificado,306,287.0
14/02/2020,Total unificado,310,288.86
15/02/2020,Total unificado,332,297.58
16/02/2020,Total unificado,279,309.58
17/02/2020,Total unificado,375,324.86
18/02/2020,Total unificado,388,332.29
19/02/2020,Total unificado,306,328.0
20/02/2020,Total unificado,330,331.43
21/02/2020,Total unificado,447,351.0
22/02/2020,Total unificado,369,356.29
23/02/2020,Total unificado,275,355.72
24/02/2020,Total unificado,328,349.0
25/02/2020,Total unificado,354,344.15
26/02/2020,Total unificado,465,366.86
27/02/2020,Total unificado,497,390.72
28/02/2020,Total unificado,426,387.72
29/02/2020,Total unificado,607,421.72
01/03/2020,Total unificado,505,454.58
02/03/2020,Total unificado,466,474.29
03/03/2020,Total unificado,425,484.43
04/03/2020,Total unificado,441,481.0
05/03/2020,Total unificado,372,463.15
06/03/2020,Total unificado,529,477.86
07/03/2020,Total unificado,314,436.0
08/03/2020,Total unificado,430,425.29
09/03/2020,Total unificado,416,418.15
10/03/2020,Total unificado,529,433.0
11/03/2020,Total unificado,390,425.72
12/03/2020,Total unificado,460,438.29
13/03/2020,Total unificado,506,435.0
14/03/2020,Total unificado,334,437.86
15/03/2020,Total unificado,406,434.43
16/03/2020,Total unificado,551,453.72
17/03/2020,Total unificado,486,447.58
18/03/2020,Total unificado,519,466.0
19/03/2020,Total unificado,507,472.72
20/03/2020,Total unificado,512,473.58
21/03/2020,Total unificado,629,515.72
22/03/2020,Total unificado,380,512.0
23/03/2020,Total unificado,434,495.29
24/03/2020,Total unificado,303,469.15
25/03/2020,Total unificado,346,444.43
26/03/2020,Total unificado,402,429.43
27/03/2020,Total unificado,294,398.29
28/03/2020,Total unificado,245,343.43
29/03/2020,Total unificado,302,332.29
30/03/2020,Total unificado,324,316.58
31/03/2020,Total unificado,346,322.72
01/04/2020,Total unificado,270,311.86
02/04/2020,Total unificado,234,287.86
03/04/2020,Total unificado,392,301.86
04/04/2020,Total unificado,249,302.43
05/04/2020,Total unificado,310,303.58
06/04/2020,Total unificado,421,317.43
07/04/2020,Total unificado,334,315.72
08/04/2020,Total unificado,356,328.0
09/04/2020,Total unificado,262,332.0
10/04/2020,Total unificado,382,330.58
11/04/2020,Total unificado,253,331.15
12/04/2020,Total unificado,307,330.72
13/04/2020,Total unificado,572,352.29
14/04/2020,Total unificado,544,382.29
15/04/2020,Total unificado,581,414.43
16/04/2020,Total unificado,584,460.43
17/04/2020,Total unificado,689,504.29
18/04/2020,Total unificado,466,534.72
19/04/2020,Total unificado,595,575.86
20/04/2020,Total unificado,686,592.15
21/04/2020,Total unificado,718,617.0
22/04/2020,Total unificado,734,638.86
23/04/2020,Total unificado,821,672.72
24/04/2020,Total unificado,769,684.15
25/04/2020,Total unificado,766,727.0
26/04/2020,Total unificado,721,745.0
27/04/2020,Total unificado,779,758.29
28/04/2020,Total unificado,818,772.58
29/04/2020,Total unificado,869,791.86
30/04/2020,Total unificado,759,783.0
01/05/2020,Total unificado,884,799.43
02/05/2020,Total unificado,556,769.43
03/05/2020,Total unificado,445,730.0
04/05/2020,Total unificado,581,701.72
05/05/2020,Total unificado,513,658.15
06/05/2020,Total unificado,511,607.0
07/05/2020,Total unificado,593,583.29
08/05/2020,Total unificado,459,522.58
09/05/2020,Total unificado,504,515.15
10/05/2020,Total unificado,424,512.15
11/05/2020,Total unificado,674,525.43
12/05/2020,Total unificado,533,528.29
13/05/2020,Total unificado,518,529.29
14/05/2020,Total unificado,598,530.0
15/05/2020,Total unificado,464,530.72
16/05/2020,Total unificado,370,511.58
17/05/2020,Total unificado,381,505.43
18/05/2020,Total unificado,462,475.15
19/05/2020,Total unificado,418,458.72
20/05/2020,Total unificado,308,428.72
21/05/2020,Total unificado,361,394.86
22/05/2020,Total unificado,249,364.15
23/05/2020,Total unificado,269,349.72
24/05/2020,Total unificado,220,326.72
25/05/2020,Total unificado,223,292.58
26/05/2020,Total unificado,265,270.72
27/05/2020,Total unificado,224,258.72
28/05/2020,Total unificado,294,249.15
29/05/2020,Total unificado,249,249.15
30/05/2020,Total unificado,202,239.58
31/05/2020,Total unificado,184,234.43
01/06/2020,Total unificado,272,241.43
02/06/2020,Total unificado,230,236.43
03/06/2020,Total unificado,185,230.86
04/06/2020,Total unificado,184,215.15
05/06/2020,Total unificado,157,202.0
06/06/2020,Total unificado,206,202.58
07/06/2020,Total unificado,169,200.43
08/06/2020,Total unificado,255,198.0
09/06/2020,Total unificado,206,194.58
10/06/2020,Total unificado,187,194.86
11/06/2020,Total unificado,185,195.0
12/06/2020,Total unificado,144,193.15
13/06/2020,Total unificado,150,185.15
14/06/2020,Total unificado,212,191.29
15/06/2020,Total unificado,199,183.29
16/06/2020,Total unificado,155,176.0
17/06/2020,Total unificado,164,172.72
18/06/2020,Total unificado,217,177.29
19/06/2020,Total unificado,160,179.58
20/06/2020,Total unificado,150,179.58
21/06/2020,Total unificado,189,176.29
22/06/2020,Total unificado,179,173.43
23/06/2020,Total unificado,164,174.72
24/06/2020,Total unificado,167,175.15
25/06/2020,Total unificado,148,165.29
26/06/2020,Total unificado,196,170.43
27/06/2020,Total unificado,147,170.0
28/06/2020,Total unificado,115,159.43
29/06/2020,Total unificado,205,163.15
30/06/2020,Total unificado,200,168.29
01/07/2020,Total unificado,152,166.15
02/07/2020,Total unificado,164,168.43
03/07/2020,Total unificado,185,166.86
04/07/2020,Total unificado,140,165.86
05/07/2020,Total unificado,169,173.58
06/07/2020,Total unificado,161,167.29
07/07/2020,Total unificado,199,167.15
08/07/2020,Total unificado,226,177.72
09/07/2020,Total unificado,257,191.0
10/07/2020,Total unificado,211,194.72
11/07/2020,Total unificado,203,203.72
12/07/2020,Total unificado,162,202.72
13/07/2020,Total unificado,213,210.15
14/07/2020,Total unificado,252,217.72
15/07/2020,Total unificado,241,219.86
16/07/2020,Total unificado,316,228.29
17/07/2020,Total unificado,205,227.43
18/07/2020,Total unificado,180,224.15
19/07/2020,Total unificado,221,232.58
20/07/2020,Total unificado,349,252.0
21/07/2020,Total unificado,297,258.43
22/07/2020,Total unificado,302,267.15
23/07/2020,Total unificado,348,271.72
24/07/2020,Total unificado,244,277.29
25/07/2020,Total unificado,230,284.43
26/07/2020,Total unificado,181,278.72
27/07/2020,Total unificado,321,274.72
28/07/2020,Total unificado,265,270.15
29/07/2020,Total unificado,275,266.29
30/07/2020,Total unificado,321,262.43
31/07/2020,Total unificado,215,258.29
01/08/2020,Total unificado,187,252.15
02/08/2020,Total unificado,211,256.43
03/08/2020,Total unificado,278,250.29
04/08/2020,Total unificado,284,253.0
05/08/2020,Total unificado,260,250.86
06/08/2020,Total unificado,231,238.0
07/08/2020,Total unificado,238,241.29
08/08/2020,Total unificado,157,237.0
09/08/2020,Total unificado,138,226.58
10/08/2020,Total unificado,249,222.43
11/08/2020,Total unificado,211,212.0
12/08/2020,Total unificado,212,205.15
13/08/2020,Total unificado,315,217.15
14/08/2020,Total unificado,154,205.15
15/08/2020,Total unificado,161,205.72
16/08/2020,Total unificado,207,215.58
17/08/2020,Total unificado,212,210.29
18/08/2020,Total unificado,230,213.0
19/08/2020,Total unificado,222,214.43
20/08/2020,Total unificado,239,203.58
21/08/2020,Total unificado,168,205.58
22/08/2020,Total unificado,142,202.86
23/08/2020,Total unificado,117,190.0
24/08/2020,Total unificado,229,192.43
25/08/2020,Total unificado,168,183.58
26/08/2020,Total unificado,225,184.0
27/08/2020,Total unificado,214,180.43
28/08/2020,Total unificado,153,178.29
29/08/2020,Total unificado,138,177.72
30/08/2020,Total unificado,145,181.72
31/08/2020,Total unificado,193,176.58
01/09/2020,Total unificado,156,174.86
02/09/2020,Total unificado,195,170.58
03/09/2020,Total unificado,203,169.0
04/09/2020,Total unificado,100,161.43
05/09/2020,Total unificado,107,157.0
06/09/2020,Total unificado,101,150.72
07/09/2020,Total unificado,150,144.58
08/09/2020,Total unificado,176,147.43
09/09/2020,Total unificado,164,143.0
10/09/2020,Total unificado,186,140.58
11/09/2020,Total unificado,98,140.29
12/09/2020,Total unificado,104,139.86
13/09/2020,Total unificado,109,141.0
14/09/2020,Total unificado,228,152.15
15/09/2020,Total unificado,153,148.86
16/09/2020,Total unificado,221,157.0
17/09/2020,Total unificado,154,152.43
18/09/2020,Total unificado,178,163.86
19/09/2020,Total unificado,135,168.29
20/09/2020,Total unificado,121,170.0
21/09/2020,Total unificado,161,160.43
22/09/2020,Total unificado,127,156.72
23/09/2020,Total unificado,129,143.58
24/09/2020,Total unificado,178,147.0
25/09/2020,Total unificado,133,140.58
26/09/2020,Total unificado,104,136.15
27/09/2020,Total unificado,138,138.58
28/09/2020,Total unificado,171,140.0
29/09/2020,Total unificado,142,142.15
30/09/2020,Total unificado,138,143.43
01/10/2020,Total unificado,159,140.72
02/10/2020,Total unificado,200,150.29
03/10/2020,Total unificado,131,154.15
04/10/2020,Total unificado,132,153.29
05/10/2020,Total unificado,158,151.43
06/10/2020,Total unificado,108,146.58
07/10/2020,Total unificado,190,154.0
08/10/2020,Total unificado,172,155.86
09/10/2020,Total unificado,187,154.0
10/10/2020,Total unificado,74,145.86
11/10/2020,Total unificado,123,144.58
12/10/2020,Total unificado,158,144.58
13/10/2020,Total unificado,224,161.15
14/10/2020,Total unificado,226,166.29
15/10/2020,Total unificado,188,168.58
16/10/2020,Total unificado,221,173.43
17/10/2020,Total unificado,183,189.0
18/10/2020,Total unificado,116,188.0
19/10/2020,Total unificado,271,204.15
20/10/2020,Total unificado,273,211.15
21/10/2020,Total unificado,188,205.72
22/10/2020,Total unificado,281,219.0
23/10/2020,Total unificado,253,223.58
24/10/2020,Total unificado,208,227.15
25/10/2020,Total unificado,159,233.29
26/10/2020,Total unificado,331,241.86
27/10/2020,Total unificado,321,248.72
28/10/2020,Total unificado,355,272.58
29/10/2020,Total unificado,316,277.58
30/10/2020,Total unificado,322,287.43
31/10/2020,Total unificado,224,289.72
01/11/2020,Total unificado,117,283.72
02/11/2020,Total unificado,241,270.86
03/11/2020,Total unificado,358,276.15
04/11/2020,Total unificado,338,273.72
05/11/2020,Total unificado,362,280.29
06/11/2020,Total unificado,254,270.58
07/11/2020,Total unificado,210,268.58
08/11/2020,Total unificado,224,283.86
09/11/2020,Total unificado,359,300.72
10/11/2020,Total unificado,341,298.29
11/11/2020,Total unificado,350,300.0
12/11/2020,Total unificado,290,289.72
13/11/2020,Total unificado,355,304.15
14/11/2020,Total unificado,189,301.15
15/11/2020,Total unificado,197,297.29
16/11/2020,Total unificado,344,295.15
17/11/2020,Total unificado,371,299.43
18/11/2020,Total unificado,308,293.43
19/11/2020,Total unificado,436,314.29
20/11/2020,Total unificado,247,298.86
21/11/2020,Total unificado,254,308.15
22/11/2020,Total unificado,226,312.29
23/11/2020,Total unificado,475,331.0
24/11/2020,Total unificado,401,335.29
25/11/2020,Total unificado,398,348.15
26/11/2020,Total unificado,434,347.86
27/11/2020,Total unificado,426,373.43
28/11/2020,Total unificado,348,386.86
29/11/2020,Total unificado,252,390.58
30/11/2020,Total unificado,470,389.86
01/12/2020,Total unificado,397,389.29
02/12/2020,Total unificado,356,383.29
03/12/2020,Total unificado,424,381.86
04/12/2020,Total unificado,286,361.86
05/12/2020,Total unificado,270,350.72
06/12/2020,Total unificado,228,347.29
07/12/2020,Total unificado,446,343.86
08/12/2020,Total unificado,416,346.58
09/12/2020,Total unificado,469,362.72
10/12/2020,Total unificado,403,359.72
11/12/2020,Total unificado,401,376.15
12/12/2020,Total unificado,297,380.0
13/12/2020,Total unificado,262,384.86
14/12/2020,Total unificado,520,395.43
15/12/2020,Total unificado,542,413.43
16/12/2020,Total unificado,425,407.15
17/12/2020,Total unificado,418,409.29
18/12/2020,Total unificado,442,415.15
19/12/2020,Total unificado,276,412.15
20/12/2020,Total unificado,280,414.72
21/12/2020,Total unificado,423,400.86
22/12/2020,Total unificado,407,381.58
23/12/2020,Total unificado,328,367.72
24/12/2020,Total unificado,210,338.0
25/12/2020,Total unificado,195,302.72
26/12/2020,Total unificado,333,310.86
27/12/2020,Total unificado,244,305.72
28/12/2020,Total unificado,523,320.0
29/12/2020,Total unificado,557,341.43
30/12/2020,Total unificado,452,359.15
31/12/2020,Total unificado,264,366.86
01/01/2021,Total unificado,177,364.29
02/01/2021,Total unificado,295,358.86
03/01/2021,Total unificado,307,367.86
04/01/2021,Total unificado,543,370.72
05/01/2021,Total unificado,492,361.43
06/01/2021,Total unificado,440,359.72
07/01/2021,Total unificado,452,386.58
08/01/2021,Total unificado,420,421.29
09/01/2021,Total unificado,355,429.86
10/01/2021,Total unificado,301,429.0
11/01/2021,Total unificado,619,439.86
12/01/2021,Total unificado,532,445.58
13/01/2021,Total unificado,580,465.58
14/01/2021,Total unificado,509,473.72
15/01/2021,Total unificado,505,485.86
16/01/2021,Total unificado,465,501.58
17/01/2021,Total unificado,398,515.43
18/01/2021,Total unificado,749,534.0
19/01/2021,Total unificado,526,533.15
20/01/2021,Total unificado,608,537.15
21/01/2021,Total unificado,519,538.58
22/01/2021,Total unificado,628,556.15
23/01/2021,Total unificado,467,556.43
24/01/2021,Total unificado,458,565.0
25/01/2021,Total unificado,720,560.86
26/01/2021,Total unificado,703,586.15
27/01/2021,Total unificado,716,601.58
28/01/2021,Total unificado,746,634.0
29/01/2021,Total unificado,612,631.72
30/01/2021,Total unificado,518,639.0
31/01/2021,Total unificado,587,657.43
01/02/2021,Total unificado,785,666.72
02/02/2021,Total unificado,625,655.58
03/02/2021,Total unificado,902,682.15
04/02/2021,Total unificado,943,710.29
05/02/2021,Total unificado,901,751.58
06/02/2021,Total unificado,678,774.43
07/02/2021,Total unificado,459,756.15
08/02/2021,Total unificado,888,770.86
09/02/2021,Total unificado,986,822.43
10/02/2021,Total unificado,1033,841.15
11/02/2021,Total unificado,951,842.29
12/02/2021,Total unificado,886,840.15
13/02/2021,Total unificado,720,846.15
14/02/2021,Total unificado,797,894.43
15/02/2021,Total unificado,1209,940.29
16/02/2021,Total unificado,962,936.86
17/02/2021,Total unificado,1132,951.0
18/02/2021,Total unificado,1199,986.43
19/02/2021,Total unificado,1034,1007.58
20/02/2021,Total unificado,902,1033.58
21/02/2021,Total unificado,715,1021.86
22/02/2021,Total unificado,1096,1005.72
23/02/2021,Total unificado,820,985.43
24/02/2021,Total unificado,739,929.29
25/02/2021,Total unificado,882,884.0
26/02/2021,Total unificado,897,864.43
27/02/2021,Total unificado,665,830.58
28/02/2021,Total unificado,663,823.15
01/03/2021,Total unificado,805,781.58
02/03/2021,Total unificado,862,787.58
03/03/2021,Total unificado,844,802.58
04/03/2021,Total unificado,714,778.58
05/03/2021,Total unificado,905,779.72
06/03/2021,Total unificado,792,797.86
07/03/2021,Total unificado,663,797.86
08/03/2021,Total unificado,706,783.72
09/03/2021,Total unificado,693,759.58
10/03/2021,Total unificado,812,755.0
11/03/2021,Total unificado,871,777.43
12/03/2021,Total unificado,926,780.43
13/03/2021,Total unificado,958,804.15
14/03/2021,Total unificado,858,832.0
15/03/2021,Total unificado,772,841.43
16/03/2021,Total unificado,908,872.15
17/03/2021,Total unificado,759,864.58
18/03/2021,Total unificado,881,866.0
19/03/2021,Total unificado,993,875.58
20/03/2021,Total unificado,784,850.72
21/03/2021,Total unificado,706,829.0
22/03/2021,Total unificado,841,838.86
23/03/2021,Total unificado,776,820.0
24/03/2021,Total unificado,704,812.15
25/03/2021,Total unificado,706,787.15
26/03/2021,Total unificado,786,757.58
27/03/2021,Total unificado,703,746.0
28/03/2021,Total unificado,729,749.29
29/03/2021,Total unificado,884,755.43
30/03/2021,Total unificado,806,759.72
31/03/2021,Total unificado,826,777.15
01/04/2021,Total unificado,753,783.86
02/04/2021,Total unificado,1000,814.43
03/04/2021,Total unificado,873,838.72
04/04/2021,Total unificado,931,867.58
05/04/2021,Total unificado,917,872.29
06/04/2021,Total unificado,903,886.15
07/04/2021,Total unificado,837,887.72
08/04/2021,Total unificado,949,915.72
09/04/2021,Total unificado,970,911.43
10/04/2021,Total unificado,1025,933.15
11/04/2021,Total unificado,819,917.15
12/04/2021,Total unificado,791,899.15
13/04/2021,Total unificado,1019,915.72
14/04/2021,Total unificado,809,911.72
15/04/2021,Total unificado,881,902.0
16/04/2021,Total unificado,903,892.43
17/04/2021,Total unificado,760,854.58
18/04/2021,Total unificado,689,836.0
19/04/2021,Total unificado,836,842.43
20/04/2021,Total unificado,712,798.58
21/04/2021,Total unificado,846,803.86
22/04/2021,Total unificado,805,793.0
23/04/2021,Total unificado,706,764.86
24/04/2021,Total unificado,658,750.29
25/04/2021,Total unificado,808,767.29
26/04/2021,Total unificado,814,764.15
27/04/2021,Total unificado,660,756.72
28/04/2021,Total unificado,768,745.58
29/04/2021,Total unificado,704,731.15
30/04/2021,Total unificado,647,722.72
01/05/2021,Total unificado,769,738.58
02/05/2021,Total unificado,818,740.0
03/05/2021,Total unificado,652,716.86
04/05/2021,Total unificado,601,708.43
05/05/2021,Total unificado,617,686.86
06/05/2021,Total unificado,706,687.15
07/05/2021,Total unificado,702,695.0
08/05/2021,Total unificado,846,706.0
09/05/2021,Total unificado,653,682.43
10/05/2021,Total unificado,840,709.29
11/05/2021,Total unificado,729,727.58
12/05/2021,Total unificado,769,749.29
13/05/2021,Total unificado,695,747.72
14/05/2021,Total unificado,790,760.29
15/05/2021,Total unificado,801,753.86
16/05/2021,Total unificado,926,792.86
17/05/2021,Total unificado,962,810.29
18/05/2021,Total unificado,891,833.43
19/05/2021,Total unificado,917,854.58
20/05/2021,Total unificado,876,880.43
21/05/2021,Total unificado,936,901.29
22/05/2021,Total unificado,972,925.72
23/05/2021,Total unificado,722,896.58
24/05/2021,Total unificado,948,894.58
25/05/2021,Total unificado,832,886.15
26/05/2021,Total unificado,793,868.43
27/05/2021,Total unificado,804,858.15
28/05/2021,Total unificado,809,840.0
29/05/2021,Total unificado,864,824.58
30/05/2021,Total unificado,607,808.15
31/05/2021,Total unificado,799,786.86
01/06/2021,Total unificado,688,766.29
02/06/2021,Total unificado,658,747.0
03/06/2021,Total unificado,866,755.86
04/06/2021,Total unificado,791,753.29
05/06/2021,Total unificado,850,751.29
06/06/2021,Total unificado,721,767.58
07/06/2021,Total unificado,697,753.0
08/06/2021,Total unificado,729,758.86
09/06/2021,Total unificado,767,774.43
10/06/2021,Total unificado,642,742.43
11/06/2021,Total unificado,683,727.0
12/06/2021,Total unificado,622,694.43
13/06/2021,Total unificado,549,669.86
14/06/2021,Total unificado,580,653.15
15/06/2021,Total unificado,702,649.29
16/06/2021,Total unificado,609,626.72
17/06/2021,Total unificado,551,613.72
18/06/2021,Total unificado,499,587.43
19/06/2021,Total unificado,530,574.29
20/06/2021,Total unificado,399,552.86
21/06/2021,Total unificado,583,553.29
22/06/2021,Total unificado,558,532.72
23/06/2021,Total unificado,479,514.15
24/06/2021,Total unificado,522,510.0
25/06/2021,Total unificado,514,512.15
26/06/2021,Total unificado,425,497.15
27/06/2021,Total unificado,448,504.15
28/06/2021,Total unificado,472,488.29
29/06/2021,Total unificado,535,485.0
30/06/2021,Total unificado,558,496.29
01/07/2021,Total unificado,532,497.72
02/07/2021,Total unificado,435,486.43
03/07/2021,Total unificado,392,481.72
04/07/2021,Total unificado,310,462.0
05/07/2021,Total unificado,441,457.58
06/07/2021,Total unificado,418,440.86
07/07/2021,Total unificado,370,414.0
08/07/2021,Total unificado,498,409.15
09/07/2021,Total unificado,367,399.43
10/07/2021,Total unificado,399,400.43
11/07/2021,Total unificado,348,405.86
12/07/2021,Total unificado,417,402.43
13/07/2021,Total unificado,494,413.29
14/07/2021,Total unificado,363,412.29
15/07/2021,Total unificado,479,409.58
16/07/2021,Total unificado,377,411.0
17/07/2021,Total unificado,396,410.58
18/07/2021,Total unificado,374,414.29
19/07/2021,Total unificado,389,410.29
20/07/2021,Total unificado,365,391.86
21/07/2021,Total unificado,389,395.58
22/07/2021,Total unificado,408,385.43
23/07/2021,Total unificado,346,381.0
24/07/2021,Total unificado,365,376.58
25/07/2021,Total unificado,302,366.29
26/07/2021,Total unificado,294,352.72
27/07/2021,Total unificado,357,351.58
28/07/2021,Total unificado,322,342.0
29/07/2021,Total unificado,349,333.58
30/07/2021,Total unificado,319,329.72
31/07/2021,Total unificado,328,324.43
01/08/2021,Total unificado,269,319.72
02/08/2021,Total unificado,307,321.58
03/08/2021,Total unificado,355,321.29
04/08/2021,Total unificado,321,321.15
05/08/2021,Total unificado,384,326.15
06/08/2021,Total unificado,318,326.0
07/08/2021,Total unificado,265,317.0
08/08/2021,Total unificado,223,310.43
09/08/2021,Total unificado,291,308.15
10/08/2021,Total unificado,362,309.15
11/08/2021,Total unificado,345,312.58
12/08/2021,Total unificado,355,308.43
13/08/2021,Total unificado,293,304.86
14/08/2021,Total unificado,284,307.58
15/08/2021,Total unificado,251,311.58
16/08/2021,Total unificado,366,322.29
17/08/2021,Total unificado,336,318.58
18/08/2021,Total unificado,259,306.29
19/08/2021,Total unificado,313,300.29
20/08/2021,Total unificado,345,307.72
21/08/2021,Total unificado,318,312.58
22/08/2021,Total unificado,270,315.29
23/08/2021,Total unificado,295,305.15
24/08/2021,Total unificado,301,300.15
25/08/2021,Total unificado,304,306.58
26/08/2021,Total unificado,357,312.86
27/08/2021,Total unificado,357,314.58
28/08/2021,Total unificado,295,311.29
29/08/2021,Total unificado,221,304.29
30/08/2021,Total unificado,328,309.0
31/08/2021,Total unificado,249,301.58
01/09/2021,Total unificado,228,290.72
02/09/2021,Total unificado,223,271.58
03/09/2021,Total unificado,287,261.58
04/09/2021,Total unificado,249,255.0
05/09/2021,Total unificado,208,253.15
06/09/2021,Total unificado,273,245.29
07/09/2021,Total unificado,196,237.72
08/09/2021,Total unificado,297,247.58
09/09/2021,Total unificado,273,254.72
10/09/2021,Total unificado,231,246.72
11/09/2021,Total unificado,232,244.29
12/09/2021,Total unificado,177,239.86
13/09/2021,Total unificado,292,242.58
14/09/2021,Total unificado,266,252.58
15/09/2021,Total unificado,291,251.72
16/09/2021,Total unificado,263,250.29
17/09/2021,Total unificado,323,263.43
18/09/2021,Total unificado,223,262.15
19/09/2021,Total unificado,273,275.86
20/09/2021,Total unificado,276,273.58
21/09/2021,Total unificado,313,280.29
22/09/2021,Total unificado,302,281.86
23/09/2021,Total unificado,249,279.86
24/09/2021,Total unificado,317,279.0
25/09/2021,Total unificado,251,283.0
26/09/2021,Total unificado,221,275.58
27/09/2021,Total unificado,340,284.72
28/09/2021,Total unificado,289,281.29
29/09/2021,Total unificado,235,271.72
30/09/2021,Total unificado,264,273.86
01/10/2021,Total unificado,286,269.43
02/10/2021,Total unificado,262,271.0
03/10/2021,Total unificado,210,269.43
04/10/2021,Total unificado,269,259.29
05/10/2021,Total unificado,303,261.29
06/10/2021,Total unificado,333,275.29
07/10/2021,Total unificado,236,271.29
08/10/2021,Total unificado,292,272.15
09/10/2021,Total unificado,260,271.86
10/10/2021,Total unificado,217,272.86
11/10/2021,Total unificado,265,272.29
12/10/2021,Total unificado,230,261.86
13/10/2021,Total unificado,343,263.29
14/10/2021,Total unificado,298,272.15
15/10/2021,Total unificado,249,266.0
16/10/2021,Total unificado,279,268.72
17/10/2021,Total unificado,233,271.0
18/10/2021,Total unificado,379,287.29
19/10/2021,Total unificado,290,295.86
20/10/2021,Total unificado,363,298.72
21/10/2021,Total unificado,358,307.29
22/10/2021,Total unificado,341,320.43
23/10/2021,Total unificado,196,308.58
24/10/2021,Total unificado,205,304.58
25/10/2021,Total unificado,398,307.29
26/10/2021,Total unificado,202,294.72
27/10/2021,Total unificado,287,283.86
28/10/2021,Total unificado,272,271.58
29/10/2021,Total unificado,240,257.15
30/10/2021,Total unificado,203,258.15
31/10/2021,Total unificado,219,260.15
01/11/2021,Total unificado,267,241.43
02/11/2021,Total unificado,182,238.58
03/11/2021,Total unificado,302,240.72
04/11/2021,Total unificado,328,248.72
05/11/2021,Total unificado,249,250.0
06/11/2021,Total unificado,198,249.29
07/11/2021,Total unificado,176,243.15
08/11/2021,Total unificado,228,237.58
09/11/2021,Total unificado,265,249.43
10/11/2021,Total unificado,248,241.72
11/11/2021,Total unificado,226,227.15
12/11/2021,Total unificado,210,221.58
13/11/2021,Total unificado,144,213.86
14/11/2021,Total unificado,121,206.0
15/11/2021,Total unificado,154,195.43
16/11/2021,Total unificado,247,192.86
17/11/2021,Total unificado,149,178.72
18/11/2021,Total unificado,233,179.72
19/11/2021,Total unificado,214,180.29
20/11/2021,Total unificado,170,184.0
21/11/2021,Total unificado,118,183.58
22/11/2021,Total unificado,270,200.15
23/11/2021,Total unificado,265,202.72
24/11/2021,Total unificado,250,217.15
25/11/2021,Total unificado,229,216.58
26/11/2021,Total unificado,187,212.72
27/11/2021,Total unificado,251,224.29
28/11/2021,Total unificado,236,241.15
29/11/2021,Total unificado,234,236.0
30/11/2021,Total unificado,189,225.15
01/12/2021,Total unificado,270,228.0
02/12/2021,Total unificado,269,233.72
03/12/2021,Total unificado,195,234.86
04/12/2021,Total unificado,225,231.15
05/12/2021,Total unificado,166,221.15
06/12/2021,Total unificado,248,223.15
07/12/2021,Total unificado,295,238.29
08/12/2021,Total unificado,260,236.86
09/12/2021,Total unificado,305,242.0
10/12/2021,Total unificado,327,260.86
11/12/2021,Total unificado,392,284.72
12/12/2021,Total unificado,389,316.58
13/12/2021,Total unificado,544,358.86
14/12/2021,Total unificado,613,404.29
15/12/2021,Total unificado,720,470.0
16/12/2021,Total unificado,777,537.43
17/12/2021,Total unificado,930,623.58
18/12/2021,Total unificado,1439,773.15
19/12/2021,Total unificado,755,825.43
20/12/2021,Total unificado,1060,899.15
21/12/2021,Total unificado,1580,1037.29
22/12/2021,Total unificado,1466,1143.86
23/12/2021,Total unificado,1703,1276.15
24/12/2021,Total unificado,1322,1332.15
25/12/2021,Total unificado,1577,1351.86
26/12/2021,Total unificado,1776,1497.72
27/12/2021,Total unificado,1828,1607.43
28/12/2021,Total unificado,2302,1710.58
29/12/2021,Total unificado,1765,1753.29
30/12/2021,Total unificado,1456,1718.0
31/12/2021,Total unificado,893,1656.72
01/01/2022,Total unificado,1262,1611.72
02/01/2022,Total unificado,911,1488.15
03/01/2022,Total unificado,1710,1471.29
04/01/2022,Total unificado,1605,1371.72
05/01/2022,Total unificado,1500,1333.86
06/01/2022,Total unificado,1399,1325.72
07/01/2022,Total unificado,1319,1386.58
08/01/2022,Total unificado,1236,1382.86
09/01/2022,Total unificado,1099,1409.72
10/01/2022,Total unificado,1623,1397.29
11/01/2022,Total unificado,1620,1399.43
12/01/2022,Total unificado,1547,1406.15
13/01/2022,Total unificado,1485,1418.43
14/01/2022,Total unificado,1732,1477.43
15/01/2022,Total unificado,1272,1482.58
16/01/2022,Total unificado,1383,1523.15
17/01/2022,Total unificado,1413,1493.15
18/01/2022,Total unificado,1840,1524.58
19/01/2022,Total unificado,1754,1554.15
20/01/2022,Total unificado,1509,1557.58
21/01/2022,Total unificado,1073,1463.43
22/01/2022,Total unificado,1068,1434.29
23/01/2022,Total unificado,896,1364.72
24/01/2022,Total unificado,1186,1332.29
25/01/2022,Total unificado,934,1202.86
26/01/2022,Total unificado,828,1070.58
27/01/2022,Total unificado,733,959.72
28/01/2022,Total unificado,450,870.72
29/01/2022,Total unificado,483,787.15
30/01/2022,Total unificado,432,720.86
31/01/2022,Total unificado,612,638.86
01/02/2022,Total unificado,463,571.58
02/02/2022,Total unificado,360,504.72
03/02/2022,Total unificado,347,449.58
04/02/2022,Total unificado,309,429.43
05/02/2022,Total unificado,286,401.29
06/02/2022,Total unificado,288,380.72
07/02/2022,Total unificado,303,336.58
08/02/2022,Total unificado,408,328.72
09/02/2022,Total unificado,293,319.15
10/02/2022,Total unificado,299,312.29
11/02/2022,Total unificado,258,305.0
12/02/2022,Total unificado,232,297.29
13/02/2022,Total unificado,227,288.58
14/02/2022,Total unificado,284,285.86
15/02/2022,Total unificado,288,268.72
16/02/2022,Total unificado,271,265.58
17/02/2022,Total unificado,263,260.43
18/02/2022,Total unificado,231,256.58
19/02/2022,Total unificado,258,260.29
20/02/2022,Total unificado,159,250.58
21/02/2022,Total unificado,349,259.86
22/02/2022,Total unificado,312,263.29
23/02/2022,Total unificado,347,274.15
24/02/2022,Total unificado,282,276.86
25/02/2022,Total unificado,226,276.15
26/02/2022,Total unificado,213,269.72
27/02/2022,Total unificado,206,276.43
28/02/2022,Total unificado,360,278.0
01/03/2022,Total unificado,293,275.29
02/03/2022,Total unificado,323,271.86
03/03/2022,Total unificado,355,282.29
04/03/2022,Total unificado,352,300.29
05/03/2022,Total unificado,304,313.29
06/03/2022,Total unificado,185,310.29
07/03/2022,Total unificado,313,303.58
08/03/2022,Total unificado,359,313.0
09/03/2022,Total unificado,314,311.72
10/03/2022,Total unificado,366,313.29
11/03/2022,Total unificado,316,308.15
12/03/2022,Total unificado,386,319.86
13/03/2022,Total unificado,347,343.0
14/03/2022,Total unificado,391,354.15
15/03/2022,Total unificado,435,365.0
16/03/2022,Total unificado,451,384.58
17/03/2022,Total unificado,371,385.29
18/03/2022,Total unificado,333,387.72
19/03/2022,Total unificado,381,387.0
20/03/2022,Total unificado,339,385.86
21/03/2022,Total unificado,407,388.15
22/03/2022,Total unificado,336,374.0
23/03/2022,Total unificado,421,369.72
24/03/2022,Total unificado,384,371.58
25/03/2022,Total unificado,418,383.72
26/03/2022,Total unificado,357,380.29
27/03/2022,Total unificado,489,401.72
28/03/2022,Total unificado,490,413.58
29/03/2022,Total unificado,429,426.86
30/03/2022,Total unificado,563,447.15
31/03/2022,Total unificado,487,461.86
01/04/2022,Total unificado,576,484.43
02/04/2022,Total unificado,389,489.0
03/04/2022,Total unificado,270,457.72
04/04/2022,Total unificado,498,458.86
05/04/2022,Total unificado,383,452.29
06/04/2022,Total unificado,537,448.58
07/04/2022,Total unificado,601,464.86
08/04/2022,Total unificado,490,452.58
09/04/2022,Total unificado,602,483.0
10/04/2022,Total unificado,474,512.15
11/04/2022,Total unificado,514,514.43
12/04/2022,Total unificado,466,526.29
13/04/2022,Total unificado,652,542.72
14/04/2022,Total unificado,515,530.43
15/04/2022,Total unificado,674,556.72
16/04/2022,Total unificado,559,550.58
17/04/2022,Total unificado,384,537.72
18/04/2022,Total unificado,454,529.15
19/04/2022,Total unificado,512,535.72
20/04/2022,Total unificado,541,519.86
21/04/2022,Total unificado,590,530.58
22/04/2022,Total unificado,646,526.58
23/04/2022,Total unificado,552,525.58
24/04/2022,Total unificado,423,531.15
25/04/2022,Total unificado,494,536.86
26/04/2022,Total unificado,499,535.0
27/04/2022,Total unificado,609,544.72
28/04/2022,Total unificado,694,559.58
29/04/2022,Total unificado,673,563.43
30/04/2022,Total unificado,721,587.58
01/05/2022,Total unificado,461,593.0
02/05/2022,Total unificado,432,584.15
03/05/2022,Total unificado,435,575.0
04/05/2022,Total unificado,408,546.29
05/05/2022,Total unificado,601,533.0
06/05/2022,Total unificado,524,511.72
07/05/2022,Total unificado,521,483.15
08/05/2022,Total unificado,350,467.29
09/05/2022,Total unificado,493,476.0
10/05/2022,Total unificado,564,494.43
11/05/2022,Total unificado,581,519.15
12/05/2022,Total unificado,513,506.58
13/05/2022,Total unificado,426,492.58
14/05/2022,Total unificado,519,492.29
15/05/2022,Total unificado,462,508.29
16/05/2022,Total unificado,467,504.58
17/05/2022,Total unificado,420,484.0
18/05/2022,Total unificado,536,477.58
19/05/2022,Total unificado,500,475.72
20/05/2022,Total unificado,456,480.0
21/05/2022,Total unificado,559,485.72
22/05/2022,Total unificado,474,487.43
23/05/2022,Total unificado,489,490.58
24/05/2022,Total unificado,377,484.43
25/05/2022,Total unificado,486,477.29
26/05/2022,Total unificado,558,485.58
27/05/2022,Total unificado,524,495.29
28/05/2022,Total unificado,619,503.86
29/05/2022,Total unificado,509,508.86
30/05/2022,Total unificado,439,501.72
31/05/2022,Total unificado,438,510.43
01/06/2022,Total unificado,504,513.0
02/06/2022,Total unificado,391,489.15
03/06/2022,Total unificado,412,473.15
04/06/2022,Total unificado,513,458.0
05/06/2022,Total unificado,435,447.43
06/06/2022,Total unificado,532,460.72
07/06/2022,Total unificado,508,470.72
08/06/2022,Total unificado,576,481.0
09/06/2022,Total unificado,493,495.58
10/06/2022,Total unificado,592,521.29
11/06/2022,Total unificado,515,521.58
12/06/2022,Total unificado,301,502.43
13/06/2022,Total unificado,439,489.15
14/06/2022,Total unificado,433,478.43
15/06/2022,Total unificado,700,496.15
16/06/2022,Total unificado,664,520.58
17/06/2022,Total unificado,553,515.0
18/06/2022,Total unificado,504,513.43
19/06/2022,Total unificado,589,554.58
20/06/2022,Total unificado,568,573.0
21/06/2022,Total unificado,600,596.86
22/06/2022,Total unificado,534,573.15
23/06/2022,Total unificado,513,551.58
24/06/2022,Total unificado,529,548.15
25/06/2022,Total unificado,689,574.58
26/06/2022,Total unificado,611,577.72
27/06/2022,Total unificado,654,590.0
28/06/2022,Total unificado,627,593.86
29/06/2022,Total unificado,775,628.29
30/06/2022,Total unificado,603,641.15
01/07/2022,Total unificado,526,640.72
02/07/2022,Total unificado,667,637.58
03/07/2022,Total unificado,576,632.58
04/07/2022,Total unificado,641,630.72
05/07/2022,Total unificado,666,636.29
06/07/2022,Total unificado,572,607.29
07/07/2022,Total unificado,440,584.0
08/07/2022,Total unificado,518,582.86
09/07/2022,Total unificado,451,552.0
10/07/2022,Total unificado,555,549.0
11/07/2022,Total unificado,484,526.58
12/07/2022,Total unificado,594,516.29
13/07/2022,Total unificado,523,509.29
14/07/2022,Total unificado,371,499.43
15/07/2022,Total unificado,268,463.72
16/07/2022,Total unificado,335,447.15
17/07/2022,Total unificado,353,418.29
18/07/2022,Total unificado,362,400.86
19/07/2022,Total unificado,376,369.72
20/07/2022,Total unificado,428,356.15
21/07/2022,Total unificado,361,354.72
22/07/2022,Total unificado,369,369.15
23/07/2022,Total unificado,315,366.29
24/07/2022,Total unificado,284,356.43
25/07/2022,Total unificado,213,335.15
26/07/2022,Total unificado,275,320.72
27/07/2022,Total unificado,283,300.0
28/07/2022,Total unificado,271,287.15
29/07/2022,Total unificado,239,268.58
30/07/2022,Total unificado,252,259.58
31/07/2022,Total unificado,195,246.86
01/08/2022,Total unificado,246,251.58
02/08/2022,Total unificado,328,259.15
03/08/2022,Total unificado,270,257.29
04/08/2022,Total unificado,218,249.72
05/08/2022,Total unificado,255,252.0
06/08/2022,Total unificado,227,248.43
07/08/2022,Total unificado,205,249.86
08/08/2022,Total unificado,269,253.15
09/08/2022,Total unificado,322,252.29
10/08/2022,Total unificado,348,263.43
11/08/2022,Total unificado,199,260.72
12/08/2022,Total unificado,230,257.15
13/08/2022,Total unificado,236,258.43
14/08/2022,Total unificado,143,249.58
15/08/2022,Total unificado,246,246.29
16/08/2022,Total unificado,350,250.29
17/08/2022,Total unificado,381,255.0
18/08/2022,Total unificado,247,261.86
19/08/2022,Total unificado,237,262.86
20/08/2022,Total unificado,286,270.0
21/08/2022,Total unificado,220,281.0
22/08/2022,Total unificado,315,290.86
23/08/2022,Total unificado,309,285.0
24/08/2022,Total unificado,340,279.15
25/08/2022,Total unificado,253,280.0
26/08/2022,Total unificado,237,280.0
27/08/2022,Total unificado,261,276.43
28/08/2022,Total unificado,204,274.15
29/08/2022,Total unificado,223,261.0
30/08/2022,Total unificado,304,260.29
31/08/2022,Total unificado,286,252.58
01/09/2022,Total unificado,248,251.86
02/09/2022,Total unificado,221,249.58
03/09/2022,Total unificado,219,243.58
04/09/2022,Total unificado,197,242.58
05/09/2022,Total unificado,306,254.43
06/09/2022,Total unificado,295,253.15
07/09/2022,Total unificado,249,247.86
08/09/2022,Total unificado,274,251.58
09/09/2022,Total unificado,277,259.58
10/09/2022,Total unificado,183,254.43
11/09/2022,Total unificado,129,244.72
12/09/2022,Total unificado,246,236.15
13/09/2022,Total unificado,284,234.58
14/09/2022,Total unificado,324,245.29
15/09/2022,Total unificado,208,235.86
16/09/2022,Total unificado,221,227.86
17/09/2022,Total unificado,176,226.86
18/09/2022,Total unificado,144,229.0
19/09/2022,Total unificado,222,225.58
20/09/2022,Total unificado,294,227.0
21/09/2022,Total unificado,281,220.86
22/09/2022,Total unificado,194,218.86
23/09/2022,Total unificado,222,219.0
24/09/2022,Total unificado,262,231.29
25/09/2022,Total unificado,132,229.58
26/09/2022,Total unificado,231,230.86
27/09/2022,Total unificado,222,220.58
28/09/2022,Total unificado,315,225.43
29/09/2022,Total unificado,221,229.29
30/09/2022,Total unificado,279,237.43
01/10/2022,Total unificado,171,224.43
02/10/2022,Total unificado,93,218.86
03/10/2022,Total unificado,180,211.58
04/10/2022,Total unificado,173,204.58
05/10/2022,Total unificado,244,194.43
06/10/2022,Total unificado,205,192.15
07/10/2022,Total unificado,177,177.58
08/10/2022,Total unificado,158,175.72
09/10/2022,Total unificado,113,178.58
10/10/2022,Total unificado,203,181.86
11/10/2022,Total unificado,223,189.0
12/10/2022,Total unificado,165,177.72
13/10/2022,Total unificado,158,171.0
14/10/2022,Total unificado,184,172.0
15/10/2022,Total unificado,111,165.29
16/10/2022,Total unificado,145,169.86
17/10/2022,Total unificado,271,179.58
18/10/2022,Total unificado,223,179.58
19/10/2022,Total unificado,315,201.0
20/10/2022,Total unificado,214,209.0
21/10/2022,Total unificado,265,220.58
22/10/2022,Total unificado,141,224.86
23/10/2022,Total unificado,141,224.29
24/10/2022,Total unificado,199,214.0
25/10/2022,Total unificado,303,225.43
26/10/2022,Total unificado,293,222.29
27/10/2022,Total unificado,213,222.15
28/10/2022,Total unificado,189,211.29
29/10/2022,Total unificado,149,212.43
30/10/2022,Total unificado,129,210.72
31/10/2022,Total unificado,173,207.0
01/11/2022,Total unificado,234,197.15
02/11/2022,Total unificado,242,189.86
03/11/2022,Total unificado,270,198.0
04/11/2022,Total unificado,265,208.86
05/11/2022,Total unificado,250,223.29
06/11/2022,Total unificado,162,228.0
07/11/2022,Total unificado,205,232.58
08/11/2022,Total unificado,213,229.58
09/11/2022,Total unificado,307,238.86
10/11/2022,Total unificado,294,242.29
11/11/2022,Total unificado,262,241.86
12/11/2022,Total unificado,246,241.29
13/11/2022,Total unificado,222,249.86
14/11/2022,Total unificado,332,268.0
15/11/2022,Total unificado,378,291.58
16/11/2022,Total unificado,662,342.29
17/11/2022,Total unificado,490,370.29
18/11/2022,Total unificado,563,413.29
19/11/2022,Total unificado,518,452.15
20/11/2022,Total unificado,609,507.43
21/11/2022,Total unificado,826,578.0
22/11/2022,Total unificado,1016,669.15
23/11/2022,Total unificado,992,716.29
24/11/2022,Total unificado,623,735.29
25/11/2022,Total unificado,749,761.86
26/11/2022,Total unificado,195,715.72
